Model,Fold,train_neg_root_mean_squared_error,test_neg_root_mean_squared_error,train_neg_mean_absolute_error,test_neg_mean_absolute_error,train_r2,test_r2
Linear,1,11.365406122081609,20.48184717820448,9.311974087484854,13.41829920858857,0.4148856447467717,-1.3594131398587987
Linear,2,12.393347807599538,16.35299866891432,9.948111948735386,11.564309300086398,0.33676956500884625,-1.4672580884598316
Linear,3,12.067921687947589,14.730901457006954,9.016779930137249,13.517350860763878,0.35646312977303474,-0.4985912782652535
Linear,4,10.911661262026652,20.475111151280885,8.406965548125807,15.686004339111836,0.3786391131852439,-0.5447645252074023
Linear,5,12.428344336045777,25.677094296985082,9.917880821705328,16.422906683224614,0.18230349687996006,-1.15566031437305
