Model,Fold,train_neg_root_mean_squared_error,test_neg_root_mean_squared_error,train_neg_mean_absolute_error,test_neg_mean_absolute_error,train_r2,test_r2
Linear,1,11.365406122081607,20.481847178204507,9.311974087484852,13.41829920858858,0.4148856447467717,-1.3594131398588054
Linear,2,12.39334780759954,16.35299866891432,9.94811194873538,11.564309300086405,0.33676956500884614,-1.4672580884598312
Linear,3,12.067921687947589,14.730901457009606,9.016779930137252,13.517350860768184,0.3564631297730346,-0.4985912782657931
Linear,4,10.911661262026653,20.475111151280853,8.406965548125804,15.686004339111827,0.3786391131852437,-0.5447645252073976
Linear,5,12.42834433604578,25.677094296985075,9.917880821705328,16.42290668322462,0.18230349687995984,-1.155660314373049
