Model,Fold,train_accuracy,test_accuracy,train_roc_auc,test_roc_auc,train_average_precision,test_average_precision,train_f1,test_f1,train_precision,test_precision,train_recall,test_recall
SVC,1,0.509090909090909,0.5,0.5,0.5,0.4909090909090909,0.5,0.0,0.0,0.0,0.0,0.0,0.0
SVC,2,0.509090909090909,0.5,0.5,0.5,0.4909090909090909,0.5,0.0,0.0,0.0,0.0,0.0,0.0
SVC,3,0.509090909090909,0.5,0.5,0.5,0.4909090909090909,0.5,0.0,0.0,0.0,0.0,0.0,0.0
SVC,4,0.509090909090909,0.5,0.5,0.5,0.4909090909090909,0.5,0.0,0.0,0.0,0.0,0.0,0.0
SVC,5,0.7857142857142857,0.7692307692307693,0.7857142857142857,0.7619047619047619,0.7307692307692308,0.6871794871794872,0.7777777777777778,0.7272727272727273,0.8076923076923077,0.8,0.75,0.6666666666666666
