Model,Fold,train_accuracy,test_accuracy,train_roc_auc,test_roc_auc,train_average_precision,test_average_precision,train_f1,test_f1,train_precision,test_precision,train_recall,test_recall
SVC,1,0.509090909090909,0.5,0.5,0.5,0.4909090909090909,0.5,0.0,0.0,0.0,0.0,0.0,0.0
SVC,2,0.509090909090909,0.5,0.5,0.5,0.4909090909090909,0.5,0.0,0.0,0.0,0.0,0.0,0.0
SVC,3,0.509090909090909,0.5,0.5,0.5,0.4909090909090909,0.5,0.0,0.0,0.0,0.0,0.0,0.0
SVC,4,0.509090909090909,0.5,0.5,0.5,0.4909090909090909,0.5,0.0,0.0,0.0,0.0,0.0,0.0
SVC,5,0.7321428571428571,0.5384615384615384,0.7321428571428571,0.5357142857142857,0.656853281853282,0.4807692307692308,0.7692307692307693,0.5,0.6756756756756757,0.5,0.8928571428571429,0.5
