Model,Fold,train_neg_root_mean_squared_error,test_neg_root_mean_squared_error,train_neg_mean_absolute_error,test_neg_mean_absolute_error,train_r2,test_r2
ElasticNet,1,13.577665947857971,13.02728989585936,11.395056999079598,10.821087823634276,0.1649334759537202,0.0455044541298506
ElasticNet,2,14.022102613310663,11.524600560103949,12.014647647602906,8.55423002458146,0.1509887336321516,-0.22538212868150342
ElasticNet,3,13.842048079863066,12.092318479829414,11.290263678388525,11.24814622967168,0.1533397424628019,-0.009819390571391251
ElasticNet,4,12.23522940206054,17.878732533476242,10.120192256751897,15.262664139039744,0.21875654122613297,-0.1778316117593255
ElasticNet,5,13.328011261301237,14.488102361527028,10.947193650269814,12.40441363688217,0.059635364497372834,0.31370381325937113
