Model,Fold,train_neg_root_mean_squared_error,test_neg_root_mean_squared_error,train_neg_mean_absolute_error,test_neg_mean_absolute_error,train_r2,test_r2
ElasticNet,1,13.577665948108711,13.027289896347387,11.395056999403852,10.821087824331949,0.16493347592287777,0.04550445405833603
ElasticNet,2,14.022100423227176,11.524601009715786,12.014645410387676,8.554230644754044,0.15098899884279238,-0.22538222429372357
ElasticNet,3,13.842048032289775,12.092318354120179,11.290263719934531,11.248146091124028,0.15333974828252084,-0.00981936957564522
ElasticNet,4,12.235227876891082,17.878729015379296,10.120191861490717,15.26265728308056,0.21875673599625922,-0.17783114822250834
ElasticNet,5,13.328011939015862,14.488095568182256,10.947195680715538,12.404412297986452,0.059635268864367985,0.3137044568558066
