Model,Fold,train_neg_root_mean_squared_error,test_neg_root_mean_squared_error,train_neg_mean_absolute_error,test_neg_mean_absolute_error,train_r2,test_r2
GradientBoosting,1,13.204398251258826,12.960918717615519,11.105487391708033,10.632906915131242,0.21021648612,0.05520556845508562
GradientBoosting,2,13.035309308602027,13.050645853968339,11.239977624017977,9.226612767468822,0.26628085202944085,-0.5713892869665507
GradientBoosting,3,13.341171379052613,12.382050862107619,10.843882371041326,11.765787627159048,0.2135042254502082,-0.058789728294445176
GradientBoosting,4,11.61263680647588,18.501535508537515,9.871787623428217,16.39486295798904,0.29624118469216487,-0.2613200475642994
GradientBoosting,5,12.599753365375182,15.282674098527353,10.49236514622707,12.498681498573166,0.15959297452591925,0.23636244530356554
