Model,Fold,train_neg_root_mean_squared_error,test_neg_root_mean_squared_error,train_neg_mean_absolute_error,test_neg_mean_absolute_error,train_r2,test_r2
GradientBoosting,1,13.204398251258826,12.960918717615519,11.105487391708033,10.632906915131242,0.21021648612,0.05520556845508562
GradientBoosting,2,13.035309308602027,13.050645853968339,11.239977624017977,9.226612767468822,0.26628085202944085,-0.5713892869665507
GradientBoosting,3,13.341171379052613,12.407722518714824,10.843882371041326,11.798961271571386,0.2135042254502082,-0.06318464859295836
GradientBoosting,4,11.61263680647588,18.499753654805883,9.871787623428217,16.39269777922035,0.29624118469216487,-0.2610771077708436
GradientBoosting,5,12.599753365375182,15.234493551076005,10.49236514622707,12.4576778333505,0.15959297452591925,0.24116978186724058
