Model,Fold,train_neg_root_mean_squared_error,test_neg_root_mean_squared_error,train_neg_mean_absolute_error,test_neg_mean_absolute_error,train_r2,test_r2
RandomForest,1,10.569077593773331,13.970789091166285,8.606748334728108,11.872995829860361,0.49400641859925587,-0.09776056055125748
RandomForest,2,10.541050328717683,13.944816825164448,8.907611477823275,10.297086948197116,0.5202058534869584,-0.7940948781928236
RandomForest,3,11.352029761861136,13.033307248007413,9.0820209027189,11.565145979557728,0.43055011494774065,-0.1730967160681316
RandomForest,4,9.799570696690806,20.67859858981004,8.013345373668347,18.09121122862963,0.49884016005563836,-0.5756217132114749
RandomForest,5,10.67673285000206,14.696026952619361,8.740016118171223,11.449630219694104,0.3965485456884348,0.29386383593284093
