Model,Fold,train_neg_root_mean_squared_error,test_neg_root_mean_squared_error,train_neg_mean_absolute_error,test_neg_mean_absolute_error,train_r2,test_r2
RandomForest,1,10.878604071443752,13.867747633433451,9.018005677897037,11.96955823048514,0.4639353406932658,-0.08162722566562675
RandomForest,2,10.666174420626888,14.190838507826296,8.91762717365137,10.495501155937164,0.5087477708781236,-0.8579580079467295
RandomForest,3,10.676454071120142,12.91844295022651,8.536799039762153,11.214686447787155,0.4963109149975028,-0.15251051234946922
RandomForest,4,9.40302569618622,21.02499263910712,7.746187100325403,18.463111636233748,0.5385789458997966,-0.6288513654873606
RandomForest,5,10.59028308429789,14.822261749499091,8.623678990413437,11.449518346356761,0.4062813045440552,0.28168070712062154
