Model,Fold,train_neg_root_mean_squared_error,test_neg_root_mean_squared_error,train_neg_mean_absolute_error,test_neg_mean_absolute_error,train_r2,test_r2
RandomForest,1,11.192590546423954,13.634447861422942,9.212417675428982,11.328810870930353,0.4325441624734577,-0.04554050398085141
RandomForest,2,10.42096612432562,14.251608371489265,8.749343635773839,10.55996110939392,0.5310752670698247,-0.8739048611449527
RandomForest,3,10.627777102483313,12.881376324028015,8.498422982203007,11.452209046545239,0.5008933662975912,-0.14590625064931873
RandomForest,4,9.82190025540878,20.67408414158318,8.06603804784037,18.292522198899302,0.49655364606311414,-0.5749338246029327
RandomForest,5,11.166490460324468,14.789328431738923,9.22954880413329,11.367911955992678,0.3399163363002692,0.2848692024792281
