Model,Fold,train_neg_root_mean_squared_error,test_neg_root_mean_squared_error,train_neg_mean_absolute_error,test_neg_mean_absolute_error,train_r2,test_r2
DecisionTree,1,11.63382948370778,15.584461638485381,9.311919191919191,13.05561224489796,0.3869213063856022,-0.3659957856477607
DecisionTree,2,12.494755609811572,11.072152479808034,10.191038961038961,8.891156462585034,0.3258714761497937,-0.1310554445998573
DecisionTree,3,12.099366732382126,14.893083245971217,9.510389610389607,12.35,0.35310506858387014,-0.5317707993833958
DecisionTree,4,9.855761713892994,22.578704830161985,7.9480519480519485,19.77091836734694,0.4930763528165133,-0.8784853119695766
DecisionTree,5,12.836441667918628,18.687832720599985,10.44153911564626,14.407509157509157,0.12772205986305563,-0.1418431486977605
